{
  "dependencies": {
    "secrets1": {
      "type": "secrets.user"
    },
    "sqlite1": {
      "secretStore": "LocalSecretsFile",
      "type": "sqlite.local",
      "connectionId": "ConnectionStrings:jesse"
    },
    "mssql1": {
      "serviceConnectorResourceId": "/subscriptions/[parameters('subscriptionId')]/resourceGroups/[parameters('resourceGroupName')]/providers/Microsoft.ServiceLinker/locations/southafricanorth/connectors/ConnectionStringsjesse1_76090A1826",
      "secretStore": "LocalSecretsFile",
      "resourceId": "/subscriptions/[parameters('subscriptionId')]/resourceGroups/[parameters('resourceGroupName')]/providers/Microsoft.Sql/servers/year/databases/appr",
      "type": "mssql.azure",
      "connectionId": "ConnectionStrings:jesse1"
    }
  }
}